{
    "activations": 200,
    "activations_alignment": 4,
    "c_arrays": [
        {
            "c_bits": 32,
            "c_id": 0,
            "c_size_in_byte": 120,
            "c_type": "float",
            "conv_type": "",
            "format": "float",
            "io_type": "input",
            "mem_pool": "user",
            "name": "input_0_output_array",
            "offset": "NULL",
            "size": 30,
            "start_offset": "NULL",
            "tensors": [
                {
                    "name": "input_0_output",
                    "shape": [
                        1,
                        6,
                        1,
                        5
                    ]
                },
                {
                    "name": "input_0_output0",
                    "shape": [
                        1,
                        1,
                        1,
                        30
                    ]
                }
            ]
        },
        {
            "c_bits": 32,
            "c_id": 1,
            "c_size_in_byte": 120,
            "c_type": "float",
            "conv_type": "",
            "format": "float",
            "mem_pool": "activations",
            "name": "dense_3_output_array",
            "offset": 0,
            "size": 30,
            "start_offset": 0,
            "tensors": [
                {
                    "name": "dense_3_output",
                    "shape": [
                        1,
                        1,
                        1,
                        30
                    ]
                }
            ]
        },
        {
            "c_bits": 32,
            "c_id": 2,
            "c_size_in_byte": 120,
            "c_type": "float",
            "conv_type": "",
            "format": "float",
            "mem_pool": "activations",
            "name": "dense_3_nl_output_array",
            "offset": 0,
            "size": 30,
            "start_offset": 0,
            "tensors": [
                {
                    "name": "dense_3_nl_output",
                    "shape": [
                        1,
                        1,
                        1,
                        30
                    ]
                }
            ]
        },
        {
            "c_bits": 32,
            "c_id": 3,
            "c_size_in_byte": 80,
            "c_type": "float",
            "conv_type": "",
            "format": "float",
            "mem_pool": "activations",
            "name": "dense_4_output_array",
            "offset": 120,
            "size": 20,
            "start_offset": 120,
            "tensors": [
                {
                    "name": "dense_4_output",
                    "shape": [
                        1,
                        1,
                        1,
                        20
                    ]
                }
            ]
        },
        {
            "c_bits": 32,
            "c_id": 4,
            "c_size_in_byte": 80,
            "c_type": "float",
            "conv_type": "",
            "format": "float",
            "mem_pool": "activations",
            "name": "dense_4_nl_output_array",
            "offset": 0,
            "size": 20,
            "start_offset": 0,
            "tensors": [
                {
                    "name": "dense_4_nl_output",
                    "shape": [
                        1,
                        1,
                        1,
                        20
                    ]
                }
            ]
        },
        {
            "c_bits": 32,
            "c_id": 5,
            "c_size_in_byte": 8,
            "c_type": "float",
            "conv_type": "",
            "format": "float",
            "mem_pool": "activations",
            "name": "dense_5_output_array",
            "offset": 80,
            "size": 2,
            "start_offset": 80,
            "tensors": [
                {
                    "name": "dense_5_output",
                    "shape": [
                        1,
                        1,
                        1,
                        2
                    ]
                }
            ]
        },
        {
            "c_bits": 32,
            "c_id": 6,
            "c_size_in_byte": 8,
            "c_type": "float",
            "conv_type": "",
            "format": "float",
            "io_type": "output",
            "mem_pool": "user",
            "name": "dense_5_nl_output_array",
            "offset": "NULL",
            "size": 2,
            "start_offset": "NULL",
            "tensors": [
                {
                    "name": "dense_5_nl_output",
                    "shape": [
                        1,
                        1,
                        1,
                        2
                    ]
                }
            ]
        },
        {
            "c_bits": 32,
            "c_id": 7,
            "c_size_in_byte": 3600,
            "c_type": "const float",
            "conv_type": "",
            "format": "float",
            "mem_pool": "weights",
            "name": "dense_3_weights_array",
            "offset": "NULL",
            "size": 900,
            "start_offset": "NULL",
            "tensors": [
                {
                    "name": "dense_3_weights",
                    "shape": [
                        30,
                        1,
                        1,
                        30
                    ]
                }
            ]
        },
        {
            "c_bits": 32,
            "c_id": 8,
            "c_size_in_byte": 120,
            "c_type": "const float",
            "conv_type": "",
            "format": "float",
            "mem_pool": "weights",
            "name": "dense_3_bias_array",
            "offset": "NULL",
            "size": 30,
            "start_offset": "NULL",
            "tensors": [
                {
                    "name": "dense_3_bias",
                    "shape": [
                        1,
                        1,
                        1,
                        30
                    ]
                }
            ]
        },
        {
            "c_bits": 32,
            "c_id": 9,
            "c_size_in_byte": 2400,
            "c_type": "const float",
            "conv_type": "",
            "format": "float",
            "mem_pool": "weights",
            "name": "dense_4_weights_array",
            "offset": "NULL",
            "size": 600,
            "start_offset": "NULL",
            "tensors": [
                {
                    "name": "dense_4_weights",
                    "shape": [
                        30,
                        1,
                        1,
                        20
                    ]
                }
            ]
        },
        {
            "c_bits": 32,
            "c_id": 10,
            "c_size_in_byte": 80,
            "c_type": "const float",
            "conv_type": "",
            "format": "float",
            "mem_pool": "weights",
            "name": "dense_4_bias_array",
            "offset": "NULL",
            "size": 20,
            "start_offset": "NULL",
            "tensors": [
                {
                    "name": "dense_4_bias",
                    "shape": [
                        1,
                        1,
                        1,
                        20
                    ]
                }
            ]
        },
        {
            "c_bits": 32,
            "c_id": 11,
            "c_size_in_byte": 160,
            "c_type": "const float",
            "conv_type": "",
            "format": "float",
            "mem_pool": "weights",
            "name": "dense_5_weights_array",
            "offset": "NULL",
            "size": 40,
            "start_offset": "NULL",
            "tensors": [
                {
                    "name": "dense_5_weights",
                    "shape": [
                        20,
                        1,
                        1,
                        2
                    ]
                }
            ]
        },
        {
            "c_bits": 32,
            "c_id": 12,
            "c_size_in_byte": 8,
            "c_type": "const float",
            "conv_type": "",
            "format": "float",
            "mem_pool": "weights",
            "name": "dense_5_bias_array",
            "offset": "NULL",
            "size": 2,
            "start_offset": "NULL",
            "tensors": [
                {
                    "name": "dense_5_bias",
                    "shape": [
                        1,
                        1,
                        1,
                        2
                    ]
                }
            ]
        }
    ],
    "c_arrays_n": 13,
    "c_intq_n": 0,
    "c_layers": [
        {
            "c_forward": "forward_dense",
            "c_id": 0,
            "layer_type": "dense",
            "m_id": 1,
            "macc": 930,
            "name": "dense_3",
            "next": "dense_3_nl",
            "rom": 3720,
            "tensors": {
                "inputs": [
                    "input_0_output0"
                ],
                "outputs": [
                    "dense_3_output"
                ],
                "scratchs": [],
                "weights": [
                    "dense_3_weights",
                    "dense_3_bias"
                ]
            }
        },
        {
            "c_forward": "forward_relu",
            "c_id": 1,
            "layer_type": "nl",
            "m_id": 1,
            "macc": 30,
            "name": "dense_3_nl",
            "next": "dense_4",
            "rom": 0,
            "tensors": {
                "inputs": [
                    "dense_3_output"
                ],
                "outputs": [
                    "dense_3_nl_output"
                ],
                "scratchs": [],
                "weights": []
            }
        },
        {
            "c_forward": "forward_dense",
            "c_id": 2,
            "layer_type": "dense",
            "m_id": 3,
            "macc": 620,
            "name": "dense_4",
            "next": "dense_4_nl",
            "rom": 2480,
            "tensors": {
                "inputs": [
                    "dense_3_nl_output"
                ],
                "outputs": [
                    "dense_4_output"
                ],
                "scratchs": [],
                "weights": [
                    "dense_4_weights",
                    "dense_4_bias"
                ]
            }
        },
        {
            "c_forward": "forward_relu",
            "c_id": 3,
            "layer_type": "nl",
            "m_id": 3,
            "macc": 20,
            "name": "dense_4_nl",
            "next": "dense_5",
            "rom": 0,
            "tensors": {
                "inputs": [
                    "dense_4_output"
                ],
                "outputs": [
                    "dense_4_nl_output"
                ],
                "scratchs": [],
                "weights": []
            }
        },
        {
            "c_forward": "forward_dense",
            "c_id": 4,
            "layer_type": "dense",
            "m_id": 4,
            "macc": 42,
            "name": "dense_5",
            "next": "dense_5_nl",
            "rom": 168,
            "tensors": {
                "inputs": [
                    "dense_4_nl_output"
                ],
                "outputs": [
                    "dense_5_output"
                ],
                "scratchs": [],
                "weights": [
                    "dense_5_weights",
                    "dense_5_bias"
                ]
            }
        },
        {
            "c_forward": "forward_sm",
            "c_id": 5,
            "layer_type": "nl",
            "m_id": 4,
            "macc": 30,
            "name": "dense_5_nl",
            "next": "dense_5_nl",
            "rom": 0,
            "tensors": {
                "inputs": [
                    "dense_5_output"
                ],
                "outputs": [
                    "dense_5_nl_output"
                ],
                "scratchs": [],
                "weights": []
            }
        }
    ],
    "c_name": "network",
    "c_nodes_n": 6,
    "c_tensors_n": 14,
    "c_weights_count": 1,
    "c_weights_header": 0,
    "data_alignment": 4,
    "date_time": "Wed Dec  8 21:24:29 2021",
    "inputs": [
        "input_0_output"
    ],
    "macc": 1672,
    "memory_footprint": {
        "activations": 200,
        "io": [
            120,
            8
        ],
        "series": "generic",
        "weights": 6368
    },
    "model_name": "feature_mlp",
    "outputs": [
        "dense_5_nl_output"
    ],
    "params_alignment": 4,
    "stm_ai_version": {
        "extra": "RC8",
        "major": 7,
        "micro": 0,
        "minor": 0
    },
    "tool_api_version": {
        "major": 1,
        "micro": 0,
        "minor": 4
    },
    "tool_version": {
        "major": 1,
        "micro": 1,
        "minor": 5
    },
    "version": "1.1",
    "weights": 6368
}