{
    "_allocate_inputs": 0,
    "_allocate_outputs": 0,
    "cli_parameters": "generate --name network -m C:/Users/seony/Downloads/feature_mlp.h5 --type keras --compression 1 --verbosity 1 --workspace C:\\Users\\seony\\AppData\\Local\\Temp\\mxAI_workspace6920796291735004664061119786996567 --output C:\\Users\\seony\\.stm32cubemx",
    "cli_version": {
        "major": 1,
        "micro": 1,
        "minor": 5
    },
    "cli_version_str": "1.5.1",
    "compression": {
        "factor": null,
        "layers": {}
    },
    "date_time": "Wed Dec  8 21:24:29 2021",
    "error": 0,
    "error_str": [],
    "exec_cmd": "generate",
    "exec_duration": 0.0,
    "hash": "92942d266fe5b2f4f750d3b7102e6f26",
    "inputs": [
        "input_0"
    ],
    "layers": [
        {
            "extras": {
                "n_macc": 0,
                "n_params": 0,
                "psize": 0,
                "rom_output": {
                    "c_size": 120,
                    "fmt": {
                        "format": "float"
                    },
                    "shape": [
                        6,
                        1,
                        5,
                        1
                    ]
                },
                "rom_size": 0
            },
            "id": 0,
            "inputs": [],
            "name": "input_0",
            "type": "Input"
        },
        {
            "extras": {
                "n_macc": 0,
                "n_params": 0,
                "psize": 0,
                "rom_size": 0
            },
            "id": 0,
            "inputs": [
                "input_0"
            ],
            "name": "flatten_1",
            "type": "Reshape"
        },
        {
            "extras": {
                "n_macc": 930,
                "n_params": 930,
                "psize": 3720,
                "rom_output": {
                    "c_size": 120,
                    "fmt": {
                        "format": "float"
                    },
                    "shape": [
                        1,
                        1,
                        30,
                        1
                    ]
                },
                "rom_size": 3720
            },
            "id": 1,
            "inputs": [
                "flatten_1"
            ],
            "name": "dense_3",
            "type": "Dense"
        },
        {
            "extras": {
                "n_macc": 30,
                "n_params": 0,
                "psize": 0,
                "rom_output": {
                    "c_size": 120,
                    "fmt": {
                        "format": "float"
                    },
                    "shape": [
                        1,
                        1,
                        30,
                        1
                    ]
                },
                "rom_size": 0
            },
            "id": 1,
            "inputs": [
                "dense_3"
            ],
            "name": "dense_3_nl",
            "type": "Nonlinearity"
        },
        {
            "extras": {
                "n_macc": 620,
                "n_params": 620,
                "psize": 2480,
                "rom_output": {
                    "c_size": 80,
                    "fmt": {
                        "format": "float"
                    },
                    "shape": [
                        1,
                        1,
                        20,
                        1
                    ]
                },
                "rom_size": 2480
            },
            "id": 3,
            "inputs": [
                "dense_3_nl"
            ],
            "name": "dense_4",
            "type": "Dense"
        },
        {
            "extras": {
                "n_macc": 20,
                "n_params": 0,
                "psize": 0,
                "rom_output": {
                    "c_size": 80,
                    "fmt": {
                        "format": "float"
                    },
                    "shape": [
                        1,
                        1,
                        20,
                        1
                    ]
                },
                "rom_size": 0
            },
            "id": 3,
            "inputs": [
                "dense_4"
            ],
            "name": "dense_4_nl",
            "type": "Nonlinearity"
        },
        {
            "extras": {
                "n_macc": 42,
                "n_params": 42,
                "psize": 168,
                "rom_output": {
                    "c_size": 8,
                    "fmt": {
                        "format": "float"
                    },
                    "shape": [
                        1,
                        1,
                        2,
                        1
                    ]
                },
                "rom_size": 168
            },
            "id": 4,
            "inputs": [
                "dense_4_nl"
            ],
            "name": "dense_5",
            "type": "Dense"
        },
        {
            "extras": {
                "n_macc": 30,
                "n_params": 0,
                "psize": 0,
                "rom_output": {
                    "c_size": 8,
                    "fmt": {
                        "format": "float"
                    },
                    "shape": [
                        1,
                        1,
                        2,
                        1
                    ]
                },
                "rom_size": 0
            },
            "id": 4,
            "inputs": [
                "dense_5"
            ],
            "name": "dense_5_nl",
            "type": "Nonlinearity"
        }
    ],
    "model_files": [
        "C:\\Users\\seony\\Downloads\\feature_mlp.h5"
    ],
    "model_n_params": 1592,
    "model_name": "feature_mlp",
    "model_size": 6368,
    "model_type": "keras",
    "name": "network",
    "outputs": [
        "dense_5_nl"
    ],
    "ram_io_size": [
        120,
        8
    ],
    "ram_size": [
        200,
        200
    ],
    "report_version": 1.1,
    "rom_cfact": 1.0,
    "rom_heap_inspector": 2048,
    "rom_inputs": [
        {
            "c_size": 120,
            "c_type": "float",
            "name": "input_0"
        }
    ],
    "rom_n_macc": 1672,
    "rom_outputs": [
        {
            "c_size": 8,
            "c_type": "float",
            "name": "dense_5_nl"
        }
    ],
    "rom_size": 6368,
    "strategy": "heap_overlay",
    "tools_api_version": {
        "major": 1,
        "micro": 1,
        "minor": 5
    },
    "tools_version": {
        "extra": "RC8",
        "major": 7,
        "micro": 0,
        "minor": 0
    },
    "val_error": -1.0,
    "val_error_desc": "None (None) #-1",
    "val_metrics": []
}